{
    "web": [
        {
            "title": "BiliBili",
            "url": "https://www.bilibili.com"
        },
        {
            "title": "GitHub/KJook",
            "url": "https://www.github.com/kjook"
        },
        {
            "title": "\u914d\u7f6e\u7f51\u7ad9",
            "url": "http://127.0.0.1:5000/api/get_conf.json"
        },
        {
            "title": "\u767e\u5ea6",
            "url": "https://www.baidu.com"
        },
        {
            "title": "\u8c37\u6b4c",
            "url": "https://www.google.com"
        }
    ],
    "script": [
        {
            "title": "\u89e3\u7801",
            "url": "./script/decode.exe"
        },
        {
            "title": "\u622a\u56fe",
            "url": "./script/screenshot.exe"
        }
    ]
}